golden_id,source_records,name,country,city,postcode,vat,iban,terms,conflicts,needs_review
G0001,ERP_A:0000100055,Deltaplast GmbH,DE,Munich,80191,DE845298415,DE84377602077642656515,,,False
G0002,ERP_A:0000100254; ERP_B:SUP-0043,Ferroform s.r.o.,CZ,Brno,60658,CZ63745360,CZ6740523213482877325536,NT60,,False
G0003,ERP_A:0000100075; ERP_B:SUP-0018,Atlaswerk GmbH,DE,Munich,80177,DE467272042,DE46935575918362361078,SK14,,False
G0004,ERP_A:0000100099; ERP_B:SUP-0021,Ventoline S.r.l.,IT,Milan,20220,IT82619958225,IT0242821167342075096192396,NT30,,False
G0005,ERP_A:0000100048,Lumenflex SAS,FR,Lyon,69377,FR17409319254,FR6949920707413748477718341,SK14,,False
G0006,ERP_A:0000100206; ERP_B:SUP-0036,Aquametal GmbH,DE,Munich,80832,DE911974232,DE77939430186085547106,NT60,,False
G0007,ERP_A:0000100046,Orbiscast s.r.o.,CZ,Brno,60086,CZ88909310,CZ9602516780083740718818,NT60,,False
G0008,ERP_A:0000100351,Polarparts GmbH,DE,Leipzig,04246,DE895744546,DE33807750018674829705,NT30,,False
G0009,ERP_A:0000100186,Alpentronic GmbH,DE,Leipzig,04290,,DE50887633490673490678,NT45,,False
G0010,ERP_A:0000100203,Deltaguss GmbH,DE,Stuttgart,70387,DE143564331,DE23646204207858270842,NT45,,False
G0011,ERP_A:0000100069; ERP_B:SUP-0016,Cerrocast s.r.o.,CZ,Brno,60037,CZ14365370,CZ5956563048137343373441,SK14,,False
G0012,ERP_A:0000100169; ERP_B:SUP-0032,Velawerk s.r.o.,CZ,Brno,60610,CZ24844260,CZ3550699079801696710699,NT45,,False
G0013,ERP_A:0000100084,Tauroparts S.r.l.,IT,Bologna,40701,IT73750431039,IT7093158279401995305520340,NT30,,False
G0014,ERP_A:0000100271,Velaparts s.r.o.,CZ,Ostrava,70763,CZ40573004,CZ4543147125779542810077,NT30,,False
G0015,ERP_A:0000100388,Silberline S.r.l.,IT,Turin,10779,IT19072637792,IT3717961330693031300706330,SK14,,False
G0016,ERP_A:0000100334,Lumencast GmbH,AT,Vienna,1162,ATU20274395,,,,False
G0017,ERP_A:0000100014; ERP_B:SUP-0003,Novawerk GmbH,DE,Leipzig,04842,DE846563212,DE68233079244026859952,SK14,,False
G0018,ERP_A:0000100247,Voltaflex GmbH,DE,Stuttgart,70292,,DE46693646703122562046,NT45,,False
G0019,ERP_A:0000100027; ERP_B:SUP-0008,Kraftguss s.r.o.,CZ,Brno,60805,CZ18033401,CZ3687801759898347887838,SK14,,False
G0020,ERP_A:0000100154; ERP_B:SUP-0029,Boraseal GmbH,DE,Leipzig,04837,DE585673268,DE09195044660016659413,NT30,,False
G0021,ERP_A:0000100115; ERP_B:SUP-0022,Velaguss Sp. z o.o.,PL,Krakow,30256,PL1788002158,PL28108620191327423159425947,NT45,,False
G0022,ERP_A:0000100142; ERP_B:SUP-0024,Velacast GmbH,AT,Graz,8065,ATU68778006,AT883943699192200119,NT60,,False
G0023,ERP_A:0000100230,Taurometal Sp. z o.o.,PL,Wroclaw,50700,PL9494809141,PL87806304145210984179827182,NT30,,False
G0024,ERP_A:0000100417; ERP_A:0000100234,NORDCAST SP. Z O.O.,PL,Wroclaw,50993,PL3857849774,PL44035338869605235857443400,SK14,,False
G0025,ERP_A:0000100136; ERP_B:SUP-0023,Cerroline GmbH,DE,Cologne,50140,DE806671723,DE19143015404868443180,SK14,,False
G0026,ERP_A:0000100338; ERP_B:SUP-0065,Kappaplast GmbH,DE,Cologne,50577,DE552141871,DE76812967000891626951,NT60,,False
G0027,ERP_A:0000100422; ERP_A:0000100238; ERP_B:SUP-0038,PRIMAFORM S.R.L.,IT,Milan,20183,IT65523994817,IT1142610689176926499167745,NT60,,False
G0028,ERP_A:0000100261; ERP_B:SUP-0044,Novaseal GmbH,DE,Leipzig,04249,DE958369832,DE10181846092406123531,SK14,,False
G0029,ERP_A:0000100108,Ventoseal GmbH,DE,Cologne,50123,DE080516978,DE98464936657872009773,NT60,,False
G0030,ERP_A:0000100401; ERP_B:SUP-0075,Silbermetal s.r.o.,CZ,Ostrava,70246,CZ54013499,CZ7821916411180151281784,NT60,,False
G0031,ERP_A:0000100168,Kraftseal S.r.l.,IT,Bologna,40900,IT14491923275,,NT60,,False
G0032,ERP_A:0000100386,Voltacast GmbH,DE,Cologne,50360,DE852955410,DE64256071512577155721,NT45,,False
G0033,ERP_A:0000100190; ERP_B:SUP-0034,Primaplast S.r.l.,IT,Bologna,40578,IT33312459956,IT1082307515712590548901039,NT60,,False
G0034,ERP_A:0000100311; ERP_B:SUP-0059,Novametal Sp. z o.o.,PL,Krakow,30238,PL8818571533,PL48142044103806854050784856,NT60,,False
G0035,ERP_A:0000100216; ERP_B:SUP-0037,Alpenwerk GmbH,AT,Vienna,1134,ATU99783715,AT431204177984111628,NT30,,False
G0036,ERP_A:0000100412; ERP_A:0000100177,Atlasguss  GmbH,DE,Munich,80060,DE113127049,DE91372052148774000009,NT30,,False
G0037,ERP_A:0000100043; ERP_B:SUP-0011,Ferroflex GmbH,DE,Cologne,50352,DE561748338,DE82014126906044319829,NT30,,False
G0038,ERP_A:0000100244; ERP_B:SUP-0042,Voltawerk GmbH,DE,Stuttgart,70011,DE877960095,DE35235420419153796003,NT60,,False
G0039,ERP_A:0000100367,Ferroparts GmbH,DE,Leipzig,04180,DE9663942,DE79381406426941998493,NT60,,False
G0040,ERP_A:0000100151; ERP_B:SUP-0027,Nordguss SAS,FR,Toulouse,31815,FR16616053446,FR6688263728990595827852774,NT45,,False
G0041,ERP_A:0000100153,Atlasplast Sp. z o.o.,PL,Krakow,30496,PL36996393,PL27765416362467709682506710,NT30,,False
G0042,ERP_A:0000100162,Tauroform Sp. z o.o.,PL,Krakow,30213,PL8325674827,,SK14,,False
G0043,ERP_A:0000100071,Cerrowerk Sp. z o.o.,PL,Krakow,30654,,PL10706360607104319554590454,SK14,,False
G0044,ERP_A:0000100299; ERP_B:SUP-0052,Ventoplast GmbH,DE,Cologne,50599,DE081369154,DE09321455835865055785,NT60,,False
G0045,ERP_A:0000100011,Novaform GmbH,DE,Stuttgart,70895,DE597971147,DE00104974650752917034,NT45,,False
G0046,ERP_A:0000100377; ERP_B:SUP-0073,Nordline GmbH,DE,Leipzig,04896,DE058541792,DE63679735931624318073,NT60,,False
G0047,ERP_A:0000100387,Lumenparts GmbH,DE,Munich,80486,,DE23600170398155987730,SK14,,False
G0048,ERP_A:0000100019; ERP_B:SUP-0005,Ferrocast GmbH,DE,Munich,80803,DE280841485,DE10253888539336338750,NT45,,False
G0049,ERP_A:0000100180; ERP_B:SUP-0033,Novaline GmbH,DE,Cologne,50977,DE215267674,DE91954409959029496366,NT60,,False
G0050,ERP_A:0000100395,Atlasflex GmbH,AT,Vienna,1110,ATU02602947,AT094244505612727954,NT30,,False
G0051,ERP_A:0000100314,Voltaplast GmbH,DE,Leipzig,04589,DE932185838,DE70253227205656162461,,,False
G0052,ERP_A:0000100026; ERP_B:SUP-0007,Krafttec GmbH,DE,Stuttgart,70826,DE304348395,DE14486205798682828807,NT60,,False
G0053,ERP_A:0000100192; ERP_A:0000100418,Lumenform GmbH,DE,Leipzig,04992,DE053261000,DE04857719611459318627,NT45,,False
G0054,ERP_A:0000100398,Terratronic GmbH,AT,Linz,4003,ATU18210565,AT555181723808368133,NT45,,False
G0055,ERP_A:0000100040; ERP_B:SUP-0010,Atlasform s.r.o.,CZ,Ostrava,70684,CZ35326502,CZ4201462016849340722470,NT60,,False
G0056,ERP_A:0000100325,Deltaform Sp. z o.o.,PL,Poznan,60033,PL8048567113,PL65190171397035708692602553,SK14,,False
G0057,ERP_A:0000100358; ERP_B:SUP-0070,Ventotronic GmbH,AT,Graz,8044,ATU39576145,AT316567413978625024,SK14,,False
G0058,ERP_A:0000100302; ERP_B:SUP-0054,Boraline GmbH,DE,Stuttgart,70330,DE901195203,DE37480503550769520601,NT60,,False
G0059,ERP_A:0000100368; ERP_B:SUP-0072,Alpencast Sp. z o.o.,PL,Krakow,30530,PL2748079890,PL66087173455893383498032084,SK14,,False
G0060,ERP_A:0000100263,Atlasparts Sp. z o.o.,PL,Krakow,30368,PL7308428238,PL19430255613422773308725422,NT60,,False
G0061,ERP_A:0000100356; ERP_B:SUP-0069,Kraftflex s.r.o.,CZ,Ostrava,70806,CZ94348068,CZ6161675452970852380248,NT60,,False
G0062,ERP_A:0000100127,Rheinplast S.r.l.,IT,Milan,20495,IT03249668502,IT5173900009541858369492359,,,False
G0063,ERP_A:0000100286,Polarcast Sp. z o.o.,PL,Poznan,60515,PL9103453709,PL97710711422846294847005278,NT45,,False
G0064,ERP_A:0000100320,Deltacast GmbH,DE,Leipzig,04282,DE257839585,DE94640830940924845434,NT30,,False
G0065,ERP_A:0000100391,Kappaform GmbH,AT,Vienna,1118,ATU11311544,AT054427995301101938,NT45,,False
G0066,ERP_A:0000100310; ERP_B:SUP-0057,Boratronic SAS,FR,Lyon,69101,FR50396663040,FR4046335356447392742441507,SK14,,False
G0067,ERP_A:0000100090; ERP_B:SUP-0020,Polarmetal s.r.o.,CZ,Brno,60307,CZ16168281,CZ5926464460495660536630,SK14,,False
G0068,ERP_A:0000100029,Deltametal Sp. z o.o.,PL,Wroclaw,50751,PL6134125242,PL48731672326865635515058770,NT60,,False
G0069,ERP_A:0000100277; ERP_B:SUP-0047,Lumenwerk s.r.o.,CZ,Prague,11738,CZ05149431,CZ9820062452821495625535,NT45,,False
G0070,ERP_A:0000100007; ERP_B:SUP-0002,Terraparts GmbH,DE,Munich,80518,DE909378657,DE56975432319487574911,NT30,,False
G0071,ERP_A:0000100224,Ventometal GmbH,AT,Graz,8066,ATU60556356,AT009568058253605182,NT30,,False
G0072,ERP_A:0000100030,Nordwerk GmbH,AT,Graz,8011,ATU402426,AT702889751402614014,NT45,,False
G0073,ERP_A:0000100243; ERP_B:SUP-0040,Ventoguss GmbH,DE,Cologne,50701,DE165868923,DE17676799581255514821,NT60,,False
G0074,ERP_A:0000100196,Alpenguss SAS,FR,Lyon,69023,FR95271601755,FR2137152530278272466320494,NT30,,False
G0075,ERP_A:0000100035; ERP_B:SUP-0009,Silberguss GmbH,DE,Leipzig,04492,DE831240234,DE49483478245040008838,NT30,,False
G0076,ERP_A:0000100210,Aquatronic GmbH,DE,Cologne,50990,DE878115356,DE77904177808820313922,NT45,,False
G0077,ERP_A:0000100366; ERP_B:SUP-0071,Orbisparts GmbH,DE,Leipzig,04008,DE595431819,DE78614221665667552288,NT45,,False
G0078,ERP_A:0000100406,Velaseal s.r.o.,CZ,Brno,60246,CZ33365374,CZ2800165340777117871617,NT30,,False
G0079,ERP_A:0000100060; ERP_B:SUP-0015,Primaparts GmbH,DE,Leipzig,04180,DE239042486,DE61111489364390084745,NT30,,False
G0080,ERP_A:0000100292,Velaline S.r.l.,IT,Bologna,40967,IT76398155834,IT1629903257597655059753037,NT60,,False
G0081,ERP_A:0000100120,Aquaplast s.r.o.,CZ,Brno,60550,CZ26245624,CZ4918057889148654659255,NT60,,False
G0082,ERP_A:0000100405,Ferrotronic S.r.l.,IT,Turin,10631,IT55490311294,IT5742027106419930140425582,NT60,,False
G0083,ERP_A:0000100342,Kappawerk GmbH,DE,Leipzig,04424,DE131274881,DE78573298084534683238,NT30,,False
G0084,ERP_A:0000100132,Silberwerk s.r.o.,CZ,Ostrava,70464,,CZ0973200080623201098326,NT30,,False
G0085,ERP_A:0000100346,Voltatec GmbH,DE,Stuttgart,70427,DE831306264,DE80525235964758932680,SK14,,False
G0086,ERP_B:SUP-0051,Terraseal  SAS,FR,Lyon,69817,FR82397125906,FR6030500937412619391525504,SK14,,False
G0087,ERP_B:SUP-0014,Polarplast  S.r.l.,IT,Turin,10066,IT83645074952,IT7688314366764020679701687,SK14,,False
G0088,ERP_B:SUP-0013,Orbisguss,DE,Munich,80276,DE444463478,DE57612213878375762833,NT45,,False
G0089,ERP_B:SUP-0053,Boratc S.r.l.,IT,Bologna,40767,IT94291244498,IT6351391924957561752448024,SK14,,False
G0090,ERP_B:SUP-0028,Tauroseal,DE,Cologne,50922,DE598523534,DE83121362244643114367,NT60,,False
G0091,ERP_B:SUP-0019,Nordplast  s.r.o.,CZ,Brno,60167,CZ23267938,CZ3014449454437323324935,SK14,,False
G0092,ERP_B:SUP-0046,RHEINSEAL GMBH,DE,Munich,80939,DE846950140,DE41990310535166934815,SK14,,False
G0093,ERP_B:SUP-0031,Orbistronic,IT,Milan,20584,IT37153542910,IT1568689064100379088969291,NT45,,False
G0094,ERP_B:SUP-0041,Cerroparts,DE,Cologne,508389,,DE24600480461900327894,NT60,,False
G0095,ERP_B:SUP-0067,Cerrotec GmbH,DE,Munich,80282,DE523335107,DE28078519130561592772,NT60,,False
G0096,ERP_B:SUP-0061,Boraetal Sp. z o.o.,PL,Wroclaw,50950,,PL98692939513511766867019977,SK14,,False
G0097,ERP_B:SUP-0030,Kraftcast  Sp.  z  o.o.,PL,Wroclaw,502899,PL2579747566,PL10125009051877203625155788,NT30,,False
G0098,ERP_B:SUP-0017,KAPPATEC GMBH,AT,Graz,8060,ATU09260026,AT177511253287046557,NT60,,False
G0099,ERP_B:SUP-0050,Boraflex  s.r.o.,CZ,Prague,11129,CZ89658397,CZ1164132381341384738738,NT45,,False
G0100,ERP_B:SUP-0055,Aquaparts  GmbH,AT,Graz,8069,ATU21023281,AT665565898299539470,NT45,,False
G0101,ERP_B:SUP-0066,RHEINGUSS SAS,FR,Toulouse,31933,FR22406698149,FR5311933398031951039245179,NT30,,False
G0102,ERP_B:SUP-0004,Deltaarts SAS,FR,Lille,59666,FR76031372159,FR2401092815901396245957117,NT30,,False
G0103,ERP_B:SUP-0063,TAUROGUSS GMBH,DE,Munich,80997,DE733026102,DE92197208273438223817,SK14,,False
G0104,ERP_B:SUP-0064,VELAFORM GMBH,DE,Leipzig,04105,DE388147507,DE96137449981327439409,NT30,,False
G0105,ERP_B:SUP-0074,Silbercast  GmbH,DE,Munich,80829,DE186010818,DE07899981089476083028,NT45,,False
G0106,ERP_B:SUP-0035,Veltec GmbH,AT,Linz,4008,ATU04870125,AT400349971755461576,NT30,,False
G0107,ERP_B:SUP-0062,Nordtronic,DE,Cologne,50868,DE044366844,DE61320385779255378050,SK14,,False
G0108,ERP_B:SUP-0025,Rheinmeal s.r.o.,CZ,Ostrava,,CZ95381613,CZ1533100147121345564054,NT30,,False
G0109,ERP_B:SUP-0006,Vltatronic Sp. z o.o.,PL,Poznan,60551,PL1373537990,PL19751163726516761222029729,NT60,,False
G0110,ERP_B:SUP-0060,KRAFTFORM SAS,FR,Lille,59203,FR96331190068,FR6057857907785986365168495,NT45,,False
G0111,ERP_B:SUP-0056,Teraplast GmbH,DE,Cologne,50240,DE152361092,DE48108838249522280537,SK14,,False
G0112,ERP_B:SUP-0012,Boracast GmbH,DE,Cologne,50451,DE691564041,DE97042346853560688310,SK14,,False
G0113,ERP_B:SUP-0001,FERROMETAL GMBH,DE,Stuttgart,70181,DE908301661,DE68318609139099603082,NT45,,False
G0114,ERP_B:SUP-0045,Orbisflex GmbH,DE,Cologne,50134,DE645672420,DE31556073651241493060,NT60,,False
G0115,ERP_B:SUP-0049,Deltatc s.r.o.,CZ,Brno,60264,CZ79593718,CZ6658768269910594996572,NT30,,False
G0116,ERP_B:SUP-0039,Atlastronc GmbH,DE,Leipzig,04674,DE842696931,DE65559353600049748489,NT60,,False
G0117,ERP_B:SUP-0058,Deltaflex  Sp.  z  o.o.,PL,Krakow,30507,PL6240120242,PL42851276165650933002893961,NT60,,False
G0118,ERP_B:SUP-0068,Cerroform  S.r.l.,IT,Bologna,40498,IT14333978379,IT3906656613596404790176694,NT30,,False
G0119,ERP_B:SUP-0026,Voltasal Sp. z o.o.,PL,Wroclaw,50906,PL6815708931,PL53942608340057172795849243,NT30,,False
G0120,ERP_B:SUP-0048,Taurotec  GmbH,DE,Leipzig,04037,DE724991232,DE59276107733500986241,SK14,,False
