golden_id,name,country,cluster,segment,suggested_action
G0001,Deltaplast GmbH,DE,2,"Reliable, lower spend",Monitor with standard KPIs
G0002,Ferroform s.r.o.,CZ,3,Critical: quality and delivery,"Escalate: supplier development plan, consider second source"
G0003,Atlaswerk GmbH,DE,0,Delivery risk,"Purchasing: review capacity and lead times, agree delivery KPIs"
G0004,Ventoline S.r.l.,IT,3,Critical: quality and delivery,"Escalate: supplier development plan, consider second source"
G0005,Lumenflex SAS,FR,2,Delivery risk,"Purchasing: review capacity and lead times, agree delivery KPIs"
G0006,Aquametal GmbH,DE,3,Delivery risk,"Purchasing: review capacity and lead times, agree delivery KPIs"
G0007,Orbiscast s.r.o.,CZ,2,Critical: quality and delivery,"Escalate: supplier development plan, consider second source"
G0008,Polarparts GmbH,DE,1,Delivery risk,"Purchasing: review capacity and lead times, agree delivery KPIs"
G0009,Alpentronic GmbH,DE,3,Strategic and reliable,"Partner: long-term agreements, joint cost workshops"
G0010,Deltaguss GmbH,DE,1,Delivery risk,"Purchasing: review capacity and lead times, agree delivery KPIs"
G0011,Cerrocast s.r.o.,CZ,1,Critical: quality and delivery,"Escalate: supplier development plan, consider second source"
G0012,Velawerk s.r.o.,CZ,3,Strategic and reliable,"Partner: long-term agreements, joint cost workshops"
G0013,Tauroparts S.r.l.,IT,1,Critical: quality and delivery,"Escalate: supplier development plan, consider second source"
G0014,Velaparts s.r.o.,CZ,2,Quality risk,"Supplier Quality: 8D problem solving, tighter incoming inspection"
G0015,Silberline S.r.l.,IT,1,Critical: quality and delivery,"Escalate: supplier development plan, consider second source"
G0016,Lumencast GmbH,AT,3,Quality risk,"Supplier Quality: 8D problem solving, tighter incoming inspection"
G0017,Novawerk GmbH,DE,1,Critical: quality and delivery,"Escalate: supplier development plan, consider second source"
G0018,Voltaflex GmbH,DE,0,Delivery risk,"Purchasing: review capacity and lead times, agree delivery KPIs"
G0019,Kraftguss s.r.o.,CZ,1,Critical: quality and delivery,"Escalate: supplier development plan, consider second source"
G0020,Boraseal GmbH,DE,1,Critical: quality and delivery,"Escalate: supplier development plan, consider second source"
G0021,Velaguss Sp. z o.o.,PL,1,Delivery risk,"Purchasing: review capacity and lead times, agree delivery KPIs"
G0022,Velacast GmbH,AT,3,Strategic and reliable,"Partner: long-term agreements, joint cost workshops"
G0023,Taurometal Sp. z o.o.,PL,3,Critical: quality and delivery,"Escalate: supplier development plan, consider second source"
G0024,NORDCAST SP. Z O.O.,PL,3,Critical: quality and delivery,"Escalate: supplier development plan, consider second source"
G0025,Cerroline GmbH,DE,2,Delivery risk,"Purchasing: review capacity and lead times, agree delivery KPIs"
G0026,Kappaplast GmbH,DE,3,Critical: quality and delivery,"Escalate: supplier development plan, consider second source"
G0027,PRIMAFORM S.R.L.,IT,3,Strategic and reliable,"Partner: long-term agreements, joint cost workshops"
G0028,Novaseal GmbH,DE,3,Quality risk,"Supplier Quality: 8D problem solving, tighter incoming inspection"
G0029,Ventoseal GmbH,DE,1,Critical: quality and delivery,"Escalate: supplier development plan, consider second source"
G0030,Silbermetal s.r.o.,CZ,3,Strategic and reliable,"Partner: long-term agreements, joint cost workshops"
G0031,Kraftseal S.r.l.,IT,3,Strategic and reliable,"Partner: long-term agreements, joint cost workshops"
G0032,Voltacast GmbH,DE,3,Quality risk,"Supplier Quality: 8D problem solving, tighter incoming inspection"
G0033,Primaplast S.r.l.,IT,2,Quality risk,"Supplier Quality: 8D problem solving, tighter incoming inspection"
G0034,Novametal Sp. z o.o.,PL,0,"Reliable, lower spend",Monitor with standard KPIs
G0035,Alpenwerk GmbH,AT,3,Quality risk,"Supplier Quality: 8D problem solving, tighter incoming inspection"
G0036,Atlasguss  GmbH,DE,2,"Reliable, lower spend",Monitor with standard KPIs
G0037,Ferroflex GmbH,DE,3,Critical: quality and delivery,"Escalate: supplier development plan, consider second source"
G0038,Voltawerk GmbH,DE,1,Critical: quality and delivery,"Escalate: supplier development plan, consider second source"
G0039,Ferroparts GmbH,DE,3,Strategic and reliable,"Partner: long-term agreements, joint cost workshops"
G0040,Nordguss SAS,FR,2,"Reliable, lower spend",Monitor with standard KPIs
G0041,Atlasplast Sp. z o.o.,PL,3,Strategic and reliable,"Partner: long-term agreements, joint cost workshops"
G0042,Tauroform Sp. z o.o.,PL,1,Critical: quality and delivery,"Escalate: supplier development plan, consider second source"
G0043,Cerrowerk Sp. z o.o.,PL,1,Delivery risk,"Purchasing: review capacity and lead times, agree delivery KPIs"
G0044,Ventoplast GmbH,DE,1,Critical: quality and delivery,"Escalate: supplier development plan, consider second source"
G0045,Novaform GmbH,DE,2,Quality risk,"Supplier Quality: 8D problem solving, tighter incoming inspection"
G0046,Nordline GmbH,DE,2,Quality risk,"Supplier Quality: 8D problem solving, tighter incoming inspection"
G0047,Lumenparts GmbH,DE,2,"Reliable, lower spend",Monitor with standard KPIs
G0048,Ferrocast GmbH,DE,3,Quality risk,"Supplier Quality: 8D problem solving, tighter incoming inspection"
G0049,Novaline GmbH,DE,2,Critical: quality and delivery,"Escalate: supplier development plan, consider second source"
G0050,Atlasflex GmbH,AT,3,Strategic and reliable,"Partner: long-term agreements, joint cost workshops"
G0051,Voltaplast GmbH,DE,1,Delivery risk,"Purchasing: review capacity and lead times, agree delivery KPIs"
G0052,Krafttec GmbH,DE,3,Quality risk,"Supplier Quality: 8D problem solving, tighter incoming inspection"
G0053,Lumenform GmbH,DE,2,Delivery risk,"Purchasing: review capacity and lead times, agree delivery KPIs"
G0054,Terratronic GmbH,AT,1,Delivery risk,"Purchasing: review capacity and lead times, agree delivery KPIs"
G0055,Atlasform s.r.o.,CZ,0,Delivery risk,"Purchasing: review capacity and lead times, agree delivery KPIs"
G0056,Deltaform Sp. z o.o.,PL,2,Quality risk,"Supplier Quality: 8D problem solving, tighter incoming inspection"
G0057,Ventotronic GmbH,AT,2,"Reliable, lower spend",Monitor with standard KPIs
G0058,Boraline GmbH,DE,1,Critical: quality and delivery,"Escalate: supplier development plan, consider second source"
G0059,Alpencast Sp. z o.o.,PL,1,Delivery risk,"Purchasing: review capacity and lead times, agree delivery KPIs"
G0060,Atlasparts Sp. z o.o.,PL,3,"Reliable, lower spend",Monitor with standard KPIs
G0061,Kraftflex s.r.o.,CZ,1,Critical: quality and delivery,"Escalate: supplier development plan, consider second source"
G0062,Rheinplast S.r.l.,IT,2,"Reliable, lower spend",Monitor with standard KPIs
G0063,Polarcast Sp. z o.o.,PL,3,Critical: quality and delivery,"Escalate: supplier development plan, consider second source"
G0064,Deltacast GmbH,DE,2,Delivery risk,"Purchasing: review capacity and lead times, agree delivery KPIs"
G0065,Kappaform GmbH,AT,2,Delivery risk,"Purchasing: review capacity and lead times, agree delivery KPIs"
G0066,Boratronic SAS,FR,3,Strategic and reliable,"Partner: long-term agreements, joint cost workshops"
G0067,Polarmetal s.r.o.,CZ,2,Quality risk,"Supplier Quality: 8D problem solving, tighter incoming inspection"
G0068,Deltametal Sp. z o.o.,PL,1,Delivery risk,"Purchasing: review capacity and lead times, agree delivery KPIs"
G0069,Lumenwerk s.r.o.,CZ,2,Critical: quality and delivery,"Escalate: supplier development plan, consider second source"
G0070,Terraparts GmbH,DE,3,Delivery risk,"Purchasing: review capacity and lead times, agree delivery KPIs"
G0071,Ventometal GmbH,AT,2,"Reliable, lower spend",Monitor with standard KPIs
G0072,Nordwerk GmbH,AT,3,Quality risk,"Supplier Quality: 8D problem solving, tighter incoming inspection"
G0073,Ventoguss GmbH,DE,1,Critical: quality and delivery,"Escalate: supplier development plan, consider second source"
G0074,Alpenguss SAS,FR,3,Quality risk,"Supplier Quality: 8D problem solving, tighter incoming inspection"
G0075,Silberguss GmbH,DE,2,"Reliable, lower spend",Monitor with standard KPIs
G0076,Aquatronic GmbH,DE,1,Delivery risk,"Purchasing: review capacity and lead times, agree delivery KPIs"
G0077,Orbisparts GmbH,DE,1,Critical: quality and delivery,"Escalate: supplier development plan, consider second source"
G0078,Velaseal s.r.o.,CZ,1,Critical: quality and delivery,"Escalate: supplier development plan, consider second source"
G0079,Primaparts GmbH,DE,3,Strategic and reliable,"Partner: long-term agreements, joint cost workshops"
G0080,Velaline S.r.l.,IT,3,Critical: quality and delivery,"Escalate: supplier development plan, consider second source"
G0081,Aquaplast s.r.o.,CZ,2,"Reliable, lower spend",Monitor with standard KPIs
G0082,Ferrotronic S.r.l.,IT,3,Delivery risk,"Purchasing: review capacity and lead times, agree delivery KPIs"
G0083,Kappawerk GmbH,DE,3,Strategic and reliable,"Partner: long-term agreements, joint cost workshops"
G0084,Silberwerk s.r.o.,CZ,1,Delivery risk,"Purchasing: review capacity and lead times, agree delivery KPIs"
G0085,Voltatec GmbH,DE,3,Quality risk,"Supplier Quality: 8D problem solving, tighter incoming inspection"
G0086,Terraseal  SAS,FR,3,Strategic and reliable,"Partner: long-term agreements, joint cost workshops"
G0087,Polarplast  S.r.l.,IT,3,Strategic and reliable,"Partner: long-term agreements, joint cost workshops"
G0088,Orbisguss,DE,1,Delivery risk,"Purchasing: review capacity and lead times, agree delivery KPIs"
G0089,Boratc S.r.l.,IT,2,Quality risk,"Supplier Quality: 8D problem solving, tighter incoming inspection"
G0090,Tauroseal,DE,0,Delivery risk,"Purchasing: review capacity and lead times, agree delivery KPIs"
G0091,Nordplast  s.r.o.,CZ,1,Delivery risk,"Purchasing: review capacity and lead times, agree delivery KPIs"
G0092,RHEINSEAL GMBH,DE,3,Delivery risk,"Purchasing: review capacity and lead times, agree delivery KPIs"
G0093,Orbistronic,IT,1,Delivery risk,"Purchasing: review capacity and lead times, agree delivery KPIs"
G0094,Cerroparts,DE,3,Strategic and reliable,"Partner: long-term agreements, joint cost workshops"
G0095,Cerrotec GmbH,DE,2,Critical: quality and delivery,"Escalate: supplier development plan, consider second source"
G0096,Boraetal Sp. z o.o.,PL,0,"Reliable, lower spend",Monitor with standard KPIs
G0097,Kraftcast  Sp.  z  o.o.,PL,3,Strategic and reliable,"Partner: long-term agreements, joint cost workshops"
G0098,KAPPATEC GMBH,AT,3,Strategic and reliable,"Partner: long-term agreements, joint cost workshops"
G0099,Boraflex  s.r.o.,CZ,1,Critical: quality and delivery,"Escalate: supplier development plan, consider second source"
G0100,Aquaparts  GmbH,AT,2,Critical: quality and delivery,"Escalate: supplier development plan, consider second source"
G0101,RHEINGUSS SAS,FR,1,Delivery risk,"Purchasing: review capacity and lead times, agree delivery KPIs"
G0102,Deltaarts SAS,FR,3,Strategic and reliable,"Partner: long-term agreements, joint cost workshops"
G0103,TAUROGUSS GMBH,DE,3,Strategic and reliable,"Partner: long-term agreements, joint cost workshops"
G0104,VELAFORM GMBH,DE,2,Quality risk,"Supplier Quality: 8D problem solving, tighter incoming inspection"
G0105,Silbercast  GmbH,DE,0,"Reliable, lower spend",Monitor with standard KPIs
G0106,Veltec GmbH,AT,2,"Reliable, lower spend",Monitor with standard KPIs
G0107,Nordtronic,DE,1,Delivery risk,"Purchasing: review capacity and lead times, agree delivery KPIs"
G0108,Rheinmeal s.r.o.,CZ,0,"Reliable, lower spend",Monitor with standard KPIs
G0109,Vltatronic Sp. z o.o.,PL,1,Critical: quality and delivery,"Escalate: supplier development plan, consider second source"
G0110,KRAFTFORM SAS,FR,3,Quality risk,"Supplier Quality: 8D problem solving, tighter incoming inspection"
G0111,Teraplast GmbH,DE,1,Delivery risk,"Purchasing: review capacity and lead times, agree delivery KPIs"
G0112,Boracast GmbH,DE,2,"Reliable, lower spend",Monitor with standard KPIs
G0113,FERROMETAL GMBH,DE,3,Strategic and reliable,"Partner: long-term agreements, joint cost workshops"
G0114,Orbisflex GmbH,DE,3,Delivery risk,"Purchasing: review capacity and lead times, agree delivery KPIs"
G0115,Deltatc s.r.o.,CZ,2,Quality risk,"Supplier Quality: 8D problem solving, tighter incoming inspection"
G0116,Atlastronc GmbH,DE,2,"Reliable, lower spend",Monitor with standard KPIs
G0117,Deltaflex  Sp.  z  o.o.,PL,1,Delivery risk,"Purchasing: review capacity and lead times, agree delivery KPIs"
G0118,Cerroform  S.r.l.,IT,3,Strategic and reliable,"Partner: long-term agreements, joint cost workshops"
G0119,Voltasal Sp. z o.o.,PL,2,"Reliable, lower spend",Monitor with standard KPIs
G0120,Taurotec  GmbH,DE,3,Strategic and reliable,"Partner: long-term agreements, joint cost workshops"
