golden_id,lines,spend_eur,otd_pct,received,rejected,avg_delay_days,ppm,notifications,name,country,cluster,segment,suggested_action
G0001,16,1268156.0,100.0,24600,2,0.0,81.0,1,Deltaplast GmbH,DE,2,"Reliable, lower spend",Monitor with standard KPIs
G0002,35,3850896.0,77.1,61000,55,8.1,902.0,8,Ferroform s.r.o.,CZ,3,Critical: quality and delivery,"Escalate: supplier development plan, consider second source"
G0003,10,1011810.0,80.0,12700,0,6.0,0.0,0,Atlaswerk GmbH,DE,0,Delivery risk,"Purchasing: review capacity and lead times, agree delivery KPIs"
G0004,33,2882552.0,81.8,49500,43,4.8,869.0,3,Ventoline S.r.l.,IT,3,Critical: quality and delivery,"Escalate: supplier development plan, consider second source"
G0005,6,420399.0,83.3,14700,1,3.0,68.0,1,Lumenflex SAS,FR,2,Delivery risk,"Purchasing: review capacity and lead times, agree delivery KPIs"
G0006,28,2943032.0,75.0,47300,4,10.0,85.0,1,Aquametal GmbH,DE,3,Delivery risk,"Purchasing: review capacity and lead times, agree delivery KPIs"
G0007,9,390726.0,66.7,6900,5,7.7,725.0,2,Orbiscast s.r.o.,CZ,2,Critical: quality and delivery,"Escalate: supplier development plan, consider second source"
G0008,6,872158.0,33.3,14200,3,9.8,211.0,0,Polarparts GmbH,DE,1,Delivery risk,"Purchasing: review capacity and lead times, agree delivery KPIs"
G0009,58,4527145.0,96.6,79700,6,9.0,75.0,0,Alpentronic GmbH,DE,3,Strategic and reliable,"Partner: long-term agreements, joint cost workshops"
G0010,31,2466796.0,51.6,44100,3,6.6,68.0,1,Deltaguss GmbH,DE,1,Delivery risk,"Purchasing: review capacity and lead times, agree delivery KPIs"
G0011,23,1406564.0,52.2,22600,20,6.8,885.0,2,Cerrocast s.r.o.,CZ,1,Critical: quality and delivery,"Escalate: supplier development plan, consider second source"
G0012,82,7016505.0,96.3,117100,12,8.3,102.0,4,Velawerk s.r.o.,CZ,3,Strategic and reliable,"Partner: long-term agreements, joint cost workshops"
G0013,18,1919165.0,72.2,32100,26,9.0,810.0,1,Tauroparts S.r.l.,IT,1,Critical: quality and delivery,"Escalate: supplier development plan, consider second source"
G0014,11,1061536.0,90.9,19900,10,13.0,503.0,1,Velaparts s.r.o.,CZ,2,Quality risk,"Supplier Quality: 8D problem solving, tighter incoming inspection"
G0015,35,2959201.0,54.3,38800,26,8.0,670.0,5,Silberline S.r.l.,IT,1,Critical: quality and delivery,"Escalate: supplier development plan, consider second source"
G0016,79,8166335.0,94.9,133000,93,10.0,699.0,9,Lumencast GmbH,AT,3,Quality risk,"Supplier Quality: 8D problem solving, tighter incoming inspection"
G0017,14,972085.0,64.3,13300,61,7.4,4586.0,3,Novawerk GmbH,DE,1,Critical: quality and delivery,"Escalate: supplier development plan, consider second source"
G0018,10,543136.0,80.0,7900,0,9.0,0.0,0,Voltaflex GmbH,DE,0,Delivery risk,"Purchasing: review capacity and lead times, agree delivery KPIs"
G0019,21,1863627.0,57.1,26400,119,7.4,4508.0,4,Kraftguss s.r.o.,CZ,1,Critical: quality and delivery,"Escalate: supplier development plan, consider second source"
G0020,22,1544505.0,63.6,24400,21,9.9,861.0,4,Boraseal GmbH,DE,1,Critical: quality and delivery,"Escalate: supplier development plan, consider second source"
G0021,20,2235309.0,65.0,39700,3,8.9,76.0,0,Velaguss Sp. z o.o.,PL,1,Delivery risk,"Purchasing: review capacity and lead times, agree delivery KPIs"
G0022,61,4635149.0,91.8,83900,2,7.4,24.0,1,Velacast GmbH,AT,3,Strategic and reliable,"Partner: long-term agreements, joint cost workshops"
G0023,34,2871672.0,76.5,42500,195,9.8,4588.0,16,Taurometal Sp. z o.o.,PL,3,Critical: quality and delivery,"Escalate: supplier development plan, consider second source"
G0024,39,3489820.0,82.1,49800,37,6.6,743.0,6,NORDCAST SP. Z O.O.,PL,3,Critical: quality and delivery,"Escalate: supplier development plan, consider second source"
G0025,6,649690.0,83.3,7500,1,2.0,133.0,1,Cerroline GmbH,DE,2,Delivery risk,"Purchasing: review capacity and lead times, agree delivery KPIs"
G0026,26,2825038.0,73.1,44100,36,8.7,816.0,3,Kappaplast GmbH,DE,3,Critical: quality and delivery,"Escalate: supplier development plan, consider second source"
G0027,24,2119288.0,91.7,27200,4,4.0,147.0,3,PRIMAFORM S.R.L.,IT,3,Strategic and reliable,"Partner: long-term agreements, joint cost workshops"
G0028,37,3030493.0,91.9,52700,44,12.7,835.0,10,Novaseal GmbH,DE,3,Quality risk,"Supplier Quality: 8D problem solving, tighter incoming inspection"
G0029,19,1970618.0,73.7,34800,25,10.0,718.0,3,Ventoseal GmbH,DE,1,Critical: quality and delivery,"Escalate: supplier development plan, consider second source"
G0030,33,2483150.0,90.9,44400,3,7.7,68.0,3,Silbermetal s.r.o.,CZ,3,Strategic and reliable,"Partner: long-term agreements, joint cost workshops"
G0031,28,2255266.0,85.7,44700,6,8.0,134.0,0,Kraftseal S.r.l.,IT,3,Strategic and reliable,"Partner: long-term agreements, joint cost workshops"
G0032,39,3460790.0,94.9,62700,50,4.0,797.0,7,Voltacast GmbH,DE,3,Quality risk,"Supplier Quality: 8D problem solving, tighter incoming inspection"
G0033,14,962516.0,100.0,19400,21,0.0,1082.0,1,Primaplast S.r.l.,IT,2,Quality risk,"Supplier Quality: 8D problem solving, tighter incoming inspection"
G0034,16,1870250.0,100.0,29800,0,0.0,0.0,0,Novametal Sp. z o.o.,PL,0,"Reliable, lower spend",Monitor with standard KPIs
G0035,25,2435186.0,96.0,41200,190,4.0,4612.0,10,Alpenwerk GmbH,AT,3,Quality risk,"Supplier Quality: 8D problem solving, tighter incoming inspection"
G0036,8,1532145.0,87.5,25500,3,2.0,118.0,3,Atlasguss  GmbH,DE,2,"Reliable, lower spend",Monitor with standard KPIs
G0037,40,3104710.0,72.5,57500,43,6.7,748.0,7,Ferroflex GmbH,DE,3,Critical: quality and delivery,"Escalate: supplier development plan, consider second source"
G0038,29,3295628.0,65.5,48800,46,6.1,943.0,6,Voltawerk GmbH,DE,1,Critical: quality and delivery,"Escalate: supplier development plan, consider second source"
G0039,33,2314507.0,93.9,45400,5,6.0,110.0,1,Ferroparts GmbH,DE,3,Strategic and reliable,"Partner: long-term agreements, joint cost workshops"
G0040,4,415296.0,100.0,4600,1,0.0,217.0,1,Nordguss SAS,FR,2,"Reliable, lower spend",Monitor with standard KPIs
G0041,15,2128201.0,100.0,27400,3,0.0,109.0,0,Atlasplast Sp. z o.o.,PL,3,Strategic and reliable,"Partner: long-term agreements, joint cost workshops"
G0042,13,1138729.0,46.2,21800,12,6.0,550.0,1,Tauroform Sp. z o.o.,PL,1,Critical: quality and delivery,"Escalate: supplier development plan, consider second source"
G0043,7,1292882.0,57.1,20200,5,8.7,248.0,2,Cerrowerk Sp. z o.o.,PL,1,Delivery risk,"Purchasing: review capacity and lead times, agree delivery KPIs"
G0044,68,6491982.0,58.8,93300,85,8.5,911.0,13,Ventoplast GmbH,DE,1,Critical: quality and delivery,"Escalate: supplier development plan, consider second source"
G0045,11,691913.0,90.9,10900,13,3.0,1193.0,1,Novaform GmbH,DE,2,Quality risk,"Supplier Quality: 8D problem solving, tighter incoming inspection"
G0046,8,652473.0,87.5,14600,9,14.0,616.0,1,Nordline GmbH,DE,2,Quality risk,"Supplier Quality: 8D problem solving, tighter incoming inspection"
G0047,4,849030.0,100.0,12000,2,0.0,167.0,1,Lumenparts GmbH,DE,2,"Reliable, lower spend",Monitor with standard KPIs
G0048,51,4516419.0,94.1,64300,48,6.7,747.0,7,Ferrocast GmbH,DE,3,Quality risk,"Supplier Quality: 8D problem solving, tighter incoming inspection"
G0049,13,1055719.0,76.9,19300,14,8.3,725.0,1,Novaline GmbH,DE,2,Critical: quality and delivery,"Escalate: supplier development plan, consider second source"
G0050,32,2697901.0,96.9,44400,5,9.0,113.0,1,Atlasflex GmbH,AT,3,Strategic and reliable,"Partner: long-term agreements, joint cost workshops"
G0051,28,2304631.0,71.4,29900,3,6.6,100.0,1,Voltaplast GmbH,DE,1,Delivery risk,"Purchasing: review capacity and lead times, agree delivery KPIs"
G0052,87,7297508.0,85.1,114000,90,8.5,789.0,14,Krafttec GmbH,DE,3,Quality risk,"Supplier Quality: 8D problem solving, tighter incoming inspection"
G0053,6,779982.0,83.3,13200,4,4.0,303.0,1,Lumenform GmbH,DE,2,Delivery risk,"Purchasing: review capacity and lead times, agree delivery KPIs"
G0054,8,288832.0,37.5,4000,2,4.2,500.0,0,Terratronic GmbH,AT,1,Delivery risk,"Purchasing: review capacity and lead times, agree delivery KPIs"
G0055,4,402479.0,75.0,6200,0,9.0,0.0,0,Atlasform s.r.o.,CZ,0,Delivery risk,"Purchasing: review capacity and lead times, agree delivery KPIs"
G0056,21,1405509.0,95.2,22000,115,3.0,5227.0,7,Deltaform Sp. z o.o.,PL,2,Quality risk,"Supplier Quality: 8D problem solving, tighter incoming inspection"
G0057,4,847714.0,100.0,12100,1,0.0,83.0,1,Ventotronic GmbH,AT,2,"Reliable, lower spend",Monitor with standard KPIs
G0058,36,4112508.0,41.7,56100,55,8.5,980.0,6,Boraline GmbH,DE,1,Critical: quality and delivery,"Escalate: supplier development plan, consider second source"
G0059,31,2865400.0,64.5,52600,1,6.5,19.0,0,Alpencast Sp. z o.o.,PL,1,Delivery risk,"Purchasing: review capacity and lead times, agree delivery KPIs"
G0060,17,1719814.0,94.1,27200,3,2.0,110.0,0,Atlasparts Sp. z o.o.,PL,3,"Reliable, lower spend",Monitor with standard KPIs
G0061,33,2629295.0,36.4,51000,44,8.5,863.0,8,Kraftflex s.r.o.,CZ,1,Critical: quality and delivery,"Escalate: supplier development plan, consider second source"
G0062,11,948328.0,100.0,17600,1,0.0,57.0,1,Rheinplast S.r.l.,IT,2,"Reliable, lower spend",Monitor with standard KPIs
G0063,82,6425100.0,79.3,103700,546,7.2,5265.0,27,Polarcast Sp. z o.o.,PL,3,Critical: quality and delivery,"Escalate: supplier development plan, consider second source"
G0064,7,535293.0,71.4,10800,1,11.5,93.0,0,Deltacast GmbH,DE,2,Delivery risk,"Purchasing: review capacity and lead times, agree delivery KPIs"
G0065,15,1111745.0,80.0,26900,2,10.7,74.0,0,Kappaform GmbH,AT,2,Delivery risk,"Purchasing: review capacity and lead times, agree delivery KPIs"
G0066,25,1917140.0,88.0,27600,3,11.7,109.0,1,Boratronic SAS,FR,3,Strategic and reliable,"Partner: long-term agreements, joint cost workshops"
G0067,7,1005997.0,100.0,11900,63,0.0,5294.0,2,Polarmetal s.r.o.,CZ,2,Quality risk,"Supplier Quality: 8D problem solving, tighter incoming inspection"
G0068,16,1878888.0,68.8,27600,4,6.0,145.0,1,Deltametal Sp. z o.o.,PL,1,Delivery risk,"Purchasing: review capacity and lead times, agree delivery KPIs"
G0069,11,997560.0,72.7,21000,23,9.7,1095.0,2,Lumenwerk s.r.o.,CZ,2,Critical: quality and delivery,"Escalate: supplier development plan, consider second source"
G0070,53,4886318.0,67.9,80700,14,9.8,173.0,4,Terraparts GmbH,DE,3,Delivery risk,"Purchasing: review capacity and lead times, agree delivery KPIs"
G0071,4,706783.0,100.0,9100,1,0.0,110.0,0,Ventometal GmbH,AT,2,"Reliable, lower spend",Monitor with standard KPIs
G0072,24,2053464.0,87.5,30600,31,8.0,1013.0,6,Nordwerk GmbH,AT,3,Quality risk,"Supplier Quality: 8D problem solving, tighter incoming inspection"
G0073,12,1150286.0,58.3,22900,24,6.2,1048.0,3,Ventoguss GmbH,DE,1,Critical: quality and delivery,"Escalate: supplier development plan, consider second source"
G0074,52,5528859.0,90.4,91800,74,4.2,806.0,9,Alpenguss SAS,FR,3,Quality risk,"Supplier Quality: 8D problem solving, tighter incoming inspection"
G0075,10,271699.0,100.0,5200,1,0.0,192.0,0,Silberguss GmbH,DE,2,"Reliable, lower spend",Monitor with standard KPIs
G0076,10,1037511.0,70.0,17200,2,10.0,116.0,1,Aquatronic GmbH,DE,1,Delivery risk,"Purchasing: review capacity and lead times, agree delivery KPIs"
G0077,64,5969282.0,64.1,108100,99,6.7,916.0,11,Orbisparts GmbH,DE,1,Critical: quality and delivery,"Escalate: supplier development plan, consider second source"
G0078,27,1818970.0,44.4,37900,179,8.3,4723.0,9,Velaseal s.r.o.,CZ,1,Critical: quality and delivery,"Escalate: supplier development plan, consider second source"
G0079,20,3559963.0,90.0,46000,4,13.5,87.0,0,Primaparts GmbH,DE,3,Strategic and reliable,"Partner: long-term agreements, joint cost workshops"
G0080,42,4009816.0,73.8,63800,57,9.4,893.0,7,Velaline S.r.l.,IT,3,Critical: quality and delivery,"Escalate: supplier development plan, consider second source"
G0081,14,1172222.0,85.7,26500,2,10.0,75.0,1,Aquaplast s.r.o.,CZ,2,"Reliable, lower spend",Monitor with standard KPIs
G0082,30,3901204.0,70.0,54900,8,8.9,146.0,1,Ferrotronic S.r.l.,IT,3,Delivery risk,"Purchasing: review capacity and lead times, agree delivery KPIs"
G0083,79,6591040.0,92.4,102500,12,9.0,117.0,3,Kappawerk GmbH,DE,3,Strategic and reliable,"Partner: long-term agreements, joint cost workshops"
G0084,11,1479272.0,63.6,18900,1,6.8,53.0,0,Silberwerk s.r.o.,CZ,1,Delivery risk,"Purchasing: review capacity and lead times, agree delivery KPIs"
G0085,37,3429954.0,86.5,64900,342,8.2,5270.0,14,Voltatec GmbH,DE,3,Quality risk,"Supplier Quality: 8D problem solving, tighter incoming inspection"
G0086,34,3090622.0,94.1,60200,8,5.5,133.0,1,Terraseal  SAS,FR,3,Strategic and reliable,"Partner: long-term agreements, joint cost workshops"
G0087,81,5803633.0,88.9,99600,5,7.8,50.0,1,Polarplast  S.r.l.,IT,3,Strategic and reliable,"Partner: long-term agreements, joint cost workshops"
G0088,17,1625687.0,70.6,28400,6,9.6,211.0,0,Orbisguss,DE,1,Delivery risk,"Purchasing: review capacity and lead times, agree delivery KPIs"
G0089,19,1693890.0,94.7,31200,22,8.0,705.0,2,Boratc S.r.l.,IT,2,Quality risk,"Supplier Quality: 8D problem solving, tighter incoming inspection"
G0090,24,1545398.0,54.2,21800,0,7.5,0.0,0,Tauroseal,DE,0,Delivery risk,"Purchasing: review capacity and lead times, agree delivery KPIs"
G0091,40,2923417.0,42.5,47300,6,7.3,127.0,2,Nordplast  s.r.o.,CZ,1,Delivery risk,"Purchasing: review capacity and lead times, agree delivery KPIs"
G0092,29,1780307.0,79.3,37100,5,12.0,135.0,3,RHEINSEAL GMBH,DE,3,Delivery risk,"Purchasing: review capacity and lead times, agree delivery KPIs"
G0093,13,1093804.0,69.2,12400,1,8.2,81.0,1,Orbistronic,IT,1,Delivery risk,"Purchasing: review capacity and lead times, agree delivery KPIs"
G0094,86,6072516.0,96.5,115800,12,7.3,104.0,3,Cerroparts,DE,3,Strategic and reliable,"Partner: long-term agreements, joint cost workshops"
G0095,6,623639.0,66.7,8300,5,7.5,602.0,1,Cerrotec GmbH,DE,2,Critical: quality and delivery,"Escalate: supplier development plan, consider second source"
G0096,5,408703.0,100.0,5700,0,0.0,0.0,0,Boraetal Sp. z o.o.,PL,0,"Reliable, lower spend",Monitor with standard KPIs
G0097,37,2078432.0,94.6,54000,9,8.5,167.0,1,Kraftcast  Sp.  z  o.o.,PL,3,Strategic and reliable,"Partner: long-term agreements, joint cost workshops"
G0098,77,8729465.0,87.0,137100,16,7.1,117.0,3,KAPPATEC GMBH,AT,3,Strategic and reliable,"Partner: long-term agreements, joint cost workshops"
G0099,16,840934.0,50.0,12000,16,8.2,1333.0,2,Boraflex  s.r.o.,CZ,1,Critical: quality and delivery,"Escalate: supplier development plan, consider second source"
G0100,8,659886.0,75.0,10500,12,3.5,1143.0,2,Aquaparts  GmbH,AT,2,Critical: quality and delivery,"Escalate: supplier development plan, consider second source"
G0101,34,3790329.0,58.8,54800,9,9.0,164.0,2,RHEINGUSS SAS,FR,1,Delivery risk,"Purchasing: review capacity and lead times, agree delivery KPIs"
G0102,89,7892755.0,93.3,134400,18,10.8,134.0,7,Deltaarts SAS,FR,3,Strategic and reliable,"Partner: long-term agreements, joint cost workshops"
G0103,76,6508860.0,88.2,99800,6,8.9,60.0,0,TAUROGUSS GMBH,DE,3,Strategic and reliable,"Partner: long-term agreements, joint cost workshops"
G0104,11,507867.0,90.9,14800,79,13.0,5338.0,6,VELAFORM GMBH,DE,2,Quality risk,"Supplier Quality: 8D problem solving, tighter incoming inspection"
G0105,9,426144.0,100.0,9100,0,0.0,0.0,0,Silbercast  GmbH,DE,0,"Reliable, lower spend",Monitor with standard KPIs
G0106,9,651488.0,88.9,9400,2,3.0,213.0,0,Veltec GmbH,AT,2,"Reliable, lower spend",Monitor with standard KPIs
G0107,14,1727420.0,42.9,24300,4,7.2,165.0,1,Nordtronic,DE,1,Delivery risk,"Purchasing: review capacity and lead times, agree delivery KPIs"
G0108,8,387605.0,87.5,5800,0,7.0,0.0,0,Rheinmeal s.r.o.,CZ,0,"Reliable, lower spend",Monitor with standard KPIs
G0109,18,2096576.0,72.2,30000,35,6.0,1167.0,5,Vltatronic Sp. z o.o.,PL,1,Critical: quality and delivery,"Escalate: supplier development plan, consider second source"
G0110,30,1985456.0,86.7,35600,26,8.0,730.0,4,KRAFTFORM SAS,FR,3,Quality risk,"Supplier Quality: 8D problem solving, tighter incoming inspection"
G0111,12,847410.0,16.7,13700,1,10.0,73.0,0,Teraplast GmbH,DE,1,Delivery risk,"Purchasing: review capacity and lead times, agree delivery KPIs"
G0112,8,322426.0,100.0,7800,1,0.0,128.0,0,Boracast GmbH,DE,2,"Reliable, lower spend",Monitor with standard KPIs
G0113,20,2325849.0,90.0,31700,6,8.0,189.0,2,FERROMETAL GMBH,DE,3,Strategic and reliable,"Partner: long-term agreements, joint cost workshops"
G0114,59,4891366.0,83.1,71600,10,9.5,140.0,6,Orbisflex GmbH,DE,3,Delivery risk,"Purchasing: review capacity and lead times, agree delivery KPIs"
G0115,7,832309.0,100.0,7800,32,0.0,4103.0,1,Deltatc s.r.o.,CZ,2,Quality risk,"Supplier Quality: 8D problem solving, tighter incoming inspection"
G0116,8,1113399.0,100.0,13900,4,0.0,288.0,1,Atlastronc GmbH,DE,2,"Reliable, lower spend",Monitor with standard KPIs
G0117,64,5915328.0,51.6,79100,9,7.6,114.0,3,Deltaflex  Sp.  z  o.o.,PL,1,Delivery risk,"Purchasing: review capacity and lead times, agree delivery KPIs"
G0118,49,3669523.0,95.9,66800,6,4.5,90.0,4,Cerroform  S.r.l.,IT,3,Strategic and reliable,"Partner: long-term agreements, joint cost workshops"
G0119,6,630560.0,100.0,14300,1,0.0,70.0,0,Voltasal Sp. z o.o.,PL,2,"Reliable, lower spend",Monitor with standard KPIs
G0120,19,2056747.0,94.7,37400,4,15.0,107.0,2,Taurotec  GmbH,DE,3,Strategic and reliable,"Partner: long-term agreements, joint cost workshops"
