notification_id,true_category,ambiguous,second_category
QN200001,Surface,False,
QN200002,Documentation,False,
QN200003,Dimensional,True,Surface
QN200004,Leakage,False,
QN200005,Packaging/Labeling,False,
QN200006,Documentation,False,
QN200007,Leakage,False,
QN200008,Leakage,False,
QN200009,Leakage,True,Surface
QN200010,Packaging/Labeling,False,
QN200011,Leakage,False,
QN200012,Documentation,False,
QN200013,Surface,False,
QN200014,Leakage,True,Surface
QN200015,Leakage,False,
QN200016,Surface,True,Packaging/Labeling
QN200017,Packaging/Labeling,False,
QN200018,Documentation,False,
QN200019,Surface,False,
QN200020,Packaging/Labeling,False,
QN200021,Packaging/Labeling,True,Documentation
QN200022,Documentation,False,
QN200023,Leakage,False,
QN200024,Documentation,False,
QN200025,Documentation,False,
QN200026,Dimensional,False,
QN200027,Leakage,False,
QN200028,Packaging/Labeling,True,Documentation
QN200029,Leakage,False,
QN200030,Leakage,False,
QN200031,Leakage,False,
QN200032,Surface,False,
QN200033,Leakage,False,
QN200034,Documentation,True,Leakage
QN200035,Surface,False,
QN200036,Documentation,False,
QN200037,Leakage,False,
QN200038,Leakage,False,
QN200039,Documentation,False,
QN200040,Surface,False,
QN200041,Dimensional,True,Documentation
QN200042,Documentation,False,
QN200043,Surface,False,
QN200044,Dimensional,False,
QN200045,Documentation,False,
QN200046,Surface,False,
QN200047,Surface,False,
QN200048,Leakage,False,
QN200049,Documentation,False,
QN200050,Surface,True,Packaging/Labeling
QN200051,Documentation,False,
QN200052,Packaging/Labeling,True,Documentation
QN200053,Packaging/Labeling,False,
QN200054,Dimensional,False,
QN200055,Packaging/Labeling,False,
QN200056,Documentation,False,
QN200057,Documentation,False,
QN200058,Packaging/Labeling,False,
QN200059,Documentation,False,
QN200060,Packaging/Labeling,False,
QN200061,Leakage,True,Dimensional
QN200062,Documentation,False,
QN200063,Dimensional,True,Documentation
QN200064,Leakage,False,
QN200065,Packaging/Labeling,False,
QN200066,Packaging/Labeling,False,
QN200067,Leakage,False,
QN200068,Dimensional,False,
QN200069,Surface,False,
QN200070,Surface,False,
QN200071,Leakage,False,
QN200072,Leakage,False,
QN200073,Surface,False,
QN200074,Leakage,False,
QN200075,Surface,False,
QN200076,Leakage,False,
QN200077,Surface,True,Packaging/Labeling
QN200078,Documentation,False,
QN200079,Surface,False,
QN200080,Surface,False,
QN200081,Leakage,False,
QN200082,Surface,False,
QN200083,Leakage,False,
QN200084,Documentation,False,
QN200085,Leakage,False,
QN200086,Documentation,False,
QN200087,Packaging/Labeling,False,
QN200088,Packaging/Labeling,False,
QN200089,Packaging/Labeling,False,
QN200090,Documentation,True,Dimensional
QN200091,Surface,False,
QN200092,Documentation,False,
QN200093,Surface,False,
QN200094,Surface,False,
QN200095,Surface,False,
QN200096,Packaging/Labeling,False,
QN200097,Surface,False,
QN200098,Surface,False,
QN200099,Leakage,False,
QN200100,Documentation,False,
QN200101,Leakage,False,
QN200102,Surface,False,
QN200103,Leakage,False,
QN200104,Leakage,False,
QN200105,Documentation,False,
QN200106,Documentation,False,
QN200107,Documentation,False,
QN200108,Packaging/Labeling,False,
QN200109,Packaging/Labeling,False,
QN200110,Dimensional,False,
QN200111,Dimensional,False,
QN200112,Packaging/Labeling,False,
QN200113,Surface,False,
QN200114,Dimensional,False,
QN200115,Leakage,False,
QN200116,Dimensional,False,
QN200117,Packaging/Labeling,False,
QN200118,Dimensional,False,
QN200119,Packaging/Labeling,False,
QN200120,Packaging/Labeling,False,
QN200121,Documentation,True,Leakage
QN200122,Dimensional,False,
QN200123,Documentation,False,
QN200124,Surface,True,Packaging/Labeling
QN200125,Dimensional,False,
QN200126,Surface,True,Packaging/Labeling
QN200127,Documentation,False,
QN200128,Packaging/Labeling,False,
QN200129,Documentation,False,
QN200130,Leakage,False,
QN200131,Dimensional,True,Surface
QN200132,Dimensional,False,
QN200133,Dimensional,False,
QN200134,Documentation,False,
QN200135,Leakage,False,
QN200136,Surface,False,
QN200137,Leakage,False,
QN200138,Documentation,False,
QN200139,Leakage,False,
QN200140,Leakage,False,
QN200141,Surface,False,
QN200142,Documentation,False,
QN200143,Leakage,False,
QN200144,Leakage,True,Surface
QN200145,Documentation,True,Leakage
QN200146,Leakage,False,
QN200147,Dimensional,True,Surface
QN200148,Surface,True,Packaging/Labeling
QN200149,Leakage,False,
QN200150,Leakage,False,
QN200151,Packaging/Labeling,False,
QN200152,Packaging/Labeling,False,
QN200153,Packaging/Labeling,True,Documentation
QN200154,Packaging/Labeling,False,
QN200155,Leakage,False,
QN200156,Dimensional,False,
QN200157,Documentation,False,
QN200158,Surface,True,Packaging/Labeling
QN200159,Packaging/Labeling,False,
QN200160,Leakage,False,
QN200161,Documentation,False,
QN200162,Documentation,False,
QN200163,Dimensional,False,
QN200164,Dimensional,False,
QN200165,Surface,False,
QN200166,Documentation,False,
QN200167,Documentation,False,
QN200168,Packaging/Labeling,False,
QN200169,Leakage,False,
QN200170,Documentation,False,
QN200171,Dimensional,False,
QN200172,Packaging/Labeling,False,
QN200173,Leakage,False,
QN200174,Surface,True,Packaging/Labeling
QN200175,Surface,False,
QN200176,Packaging/Labeling,False,
QN200177,Documentation,False,
QN200178,Packaging/Labeling,False,
QN200179,Packaging/Labeling,True,Documentation
QN200180,Dimensional,False,
QN200181,Packaging/Labeling,False,
QN200182,Leakage,False,
QN200183,Surface,False,
QN200184,Documentation,False,
QN200185,Dimensional,True,Documentation
QN200186,Dimensional,False,
QN200187,Packaging/Labeling,False,
QN200188,Packaging/Labeling,True,Documentation
QN200189,Surface,False,
QN200190,Documentation,False,
QN200191,Documentation,False,
QN200192,Documentation,False,
QN200193,Dimensional,False,
QN200194,Dimensional,False,
QN200195,Dimensional,False,
QN200196,Packaging/Labeling,True,Documentation
QN200197,Packaging/Labeling,False,
QN200198,Documentation,False,
QN200199,Leakage,False,
QN200200,Documentation,False,
QN200201,Packaging/Labeling,False,
QN200202,Dimensional,False,
QN200203,Surface,False,
QN200204,Documentation,False,
QN200205,Leakage,False,
QN200206,Surface,True,Packaging/Labeling
QN200207,Documentation,False,
QN200208,Surface,False,
QN200209,Surface,False,
QN200210,Surface,False,
QN200211,Leakage,False,
QN200212,Documentation,False,
QN200213,Surface,False,
QN200214,Documentation,False,
QN200215,Packaging/Labeling,False,
QN200216,Surface,False,
QN200217,Surface,False,
QN200218,Packaging/Labeling,False,
QN200219,Packaging/Labeling,False,
QN200220,Dimensional,True,Documentation
QN200221,Packaging/Labeling,False,
QN200222,Dimensional,False,
QN200223,Leakage,False,
QN200224,Dimensional,False,
QN200225,Dimensional,True,Surface
QN200226,Packaging/Labeling,False,
QN200227,Leakage,False,
QN200228,Surface,False,
QN200229,Leakage,False,
QN200230,Packaging/Labeling,False,
QN200231,Documentation,False,
QN200232,Documentation,False,
QN200233,Documentation,False,
QN200234,Surface,False,
QN200235,Packaging/Labeling,False,
QN200236,Documentation,False,
QN200237,Packaging/Labeling,False,
QN200238,Documentation,True,Dimensional
QN200239,Dimensional,False,
QN200240,Packaging/Labeling,False,
QN200241,Leakage,False,
QN200242,Packaging/Labeling,False,
QN200243,Dimensional,False,
QN200244,Leakage,False,
QN200245,Dimensional,False,
QN200246,Dimensional,False,
QN200247,Documentation,False,
QN200248,Surface,False,
QN200249,Surface,False,
QN200250,Surface,False,
QN200251,Documentation,False,
QN200252,Leakage,False,
QN200253,Packaging/Labeling,False,
QN200254,Packaging/Labeling,False,
QN200255,Packaging/Labeling,False,
QN200256,Surface,False,
QN200257,Surface,False,
QN200258,Packaging/Labeling,False,
QN200259,Leakage,False,
QN200260,Packaging/Labeling,False,
QN200261,Packaging/Labeling,False,
QN200262,Documentation,False,
QN200263,Documentation,False,
QN200264,Leakage,False,
QN200265,Documentation,False,
QN200266,Leakage,False,
QN200267,Dimensional,True,Documentation
QN200268,Documentation,False,
QN200269,Documentation,False,
QN200270,Dimensional,False,
QN200271,Packaging/Labeling,False,
QN200272,Leakage,True,Surface
QN200273,Surface,False,
QN200274,Surface,False,
QN200275,Dimensional,False,
QN200276,Packaging/Labeling,False,
QN200277,Surface,False,
QN200278,Dimensional,True,Documentation
QN200279,Leakage,False,
QN200280,Documentation,True,Leakage
QN200281,Leakage,False,
QN200282,Packaging/Labeling,True,Documentation
QN200283,Leakage,False,
QN200284,Surface,False,
QN200285,Packaging/Labeling,False,
QN200286,Documentation,False,
QN200287,Packaging/Labeling,False,
QN200288,Documentation,False,
QN200289,Surface,False,
QN200290,Documentation,False,
QN200291,Documentation,False,
QN200292,Dimensional,False,
QN200293,Documentation,False,
QN200294,Surface,False,
QN200295,Dimensional,False,
QN200296,Packaging/Labeling,False,
QN200297,Dimensional,False,
QN200298,Dimensional,False,
QN200299,Surface,False,
QN200300,Documentation,False,
QN200301,Documentation,False,
QN200302,Leakage,False,
QN200303,Packaging/Labeling,False,
QN200304,Surface,False,
QN200305,Dimensional,False,
QN200306,Surface,False,
QN200307,Packaging/Labeling,False,
QN200308,Leakage,False,
QN200309,Documentation,False,
QN200310,Dimensional,False,
QN200311,Surface,True,Packaging/Labeling
QN200312,Leakage,True,Surface
QN200313,Leakage,False,
QN200314,Leakage,False,
QN200315,Dimensional,False,
QN200316,Dimensional,False,
QN200317,Packaging/Labeling,True,Documentation
QN200318,Dimensional,False,
QN200319,Surface,False,
QN200320,Packaging/Labeling,True,Documentation
QN200321,Surface,False,
QN200322,Leakage,False,
QN200323,Dimensional,True,Documentation
QN200324,Packaging/Labeling,False,
QN200325,Dimensional,True,Surface
QN200326,Surface,True,Packaging/Labeling
QN200327,Documentation,False,
QN200328,Documentation,False,
QN200329,Dimensional,False,
QN200330,Packaging/Labeling,False,
QN200331,Surface,False,
QN200332,Dimensional,False,
QN200333,Surface,False,
QN200334,Surface,False,
QN200335,Surface,False,
QN200336,Documentation,True,Dimensional
QN200337,Packaging/Labeling,False,
QN200338,Packaging/Labeling,True,Documentation
QN200339,Documentation,False,
QN200340,Documentation,False,
QN200341,Packaging/Labeling,False,
QN200342,Packaging/Labeling,False,
QN200343,Packaging/Labeling,False,
QN200344,Documentation,True,Leakage
QN200345,Dimensional,False,
QN200346,Documentation,False,
QN200347,Surface,False,
QN200348,Surface,False,
QN200349,Surface,False,
QN200350,Documentation,False,
QN200351,Documentation,False,
QN200352,Documentation,False,
QN200353,Dimensional,False,
QN200354,Surface,False,
QN200355,Documentation,False,
QN200356,Leakage,False,
QN200357,Packaging/Labeling,False,
QN200358,Leakage,True,Dimensional
QN200359,Surface,False,
QN200360,Leakage,True,Packaging/Labeling
QN200361,Leakage,False,
QN200362,Documentation,False,
QN200363,Surface,False,
QN200364,Packaging/Labeling,False,
QN200365,Dimensional,False,
QN200366,Dimensional,False,
QN200367,Leakage,False,
