system,record_id,true_id
ERP_A,0000100007,S002
ERP_A,0000100011,S003
ERP_A,0000100014,S004
ERP_A,0000100019,S006
ERP_A,0000100026,S008
ERP_A,0000100027,S009
ERP_A,0000100029,S010
ERP_A,0000100030,S011
ERP_A,0000100035,S012
ERP_A,0000100040,S013
ERP_A,0000100043,S014
ERP_A,0000100046,S015
ERP_A,0000100048,S016
ERP_A,0000100055,S017
ERP_A,0000100060,S021
ERP_A,0000100069,S022
ERP_A,0000100071,S024
ERP_A,0000100075,S025
ERP_A,0000100084,S027
ERP_A,0000100090,S028
ERP_A,0000100099,S029
ERP_A,0000100108,S030
ERP_A,0000100115,S031
ERP_A,0000100120,S032
ERP_A,0000100127,S033
ERP_A,0000100132,S034
ERP_A,0000100136,S035
ERP_A,0000100142,S036
ERP_A,0000100151,S039
ERP_A,0000100153,S041
ERP_A,0000100154,S042
ERP_A,0000100162,S043
ERP_A,0000100168,S044
ERP_A,0000100169,S047
ERP_A,0000100177,S048
ERP_A,0000100180,S049
ERP_A,0000100186,S050
ERP_A,0000100190,S051
ERP_A,0000100192,S052
ERP_A,0000100196,S054
ERP_A,0000100203,S055
ERP_A,0000100206,S056
ERP_A,0000100210,S057
ERP_A,0000100216,S058
ERP_A,0000100224,S059
ERP_A,0000100230,S060
ERP_A,0000100234,S061
ERP_A,0000100238,S062
ERP_A,0000100243,S064
ERP_A,0000100244,S066
ERP_A,0000100247,S067
ERP_A,0000100254,S068
ERP_A,0000100261,S069
ERP_A,0000100263,S072
ERP_A,0000100271,S073
ERP_A,0000100277,S074
ERP_A,0000100286,S079
ERP_A,0000100292,S080
ERP_A,0000100299,S081
ERP_A,0000100302,S083
ERP_A,0000100310,S086
ERP_A,0000100311,S088
ERP_A,0000100314,S090
ERP_A,0000100320,S091
ERP_A,0000100325,S093
ERP_A,0000100334,S096
ERP_A,0000100338,S098
ERP_A,0000100342,S099
ERP_A,0000100346,S103
ERP_A,0000100351,S104
ERP_A,0000100356,S105
ERP_A,0000100358,S106
ERP_A,0000100366,S107
ERP_A,0000100367,S108
ERP_A,0000100368,S109
ERP_A,0000100377,S110
ERP_A,0000100386,S111
ERP_A,0000100387,S112
ERP_A,0000100388,S113
ERP_A,0000100391,S115
ERP_A,0000100395,S116
ERP_A,0000100398,S117
ERP_A,0000100401,S118
ERP_A,0000100405,S119
ERP_A,0000100406,S120
ERP_B,SUP-0001,S001
ERP_B,SUP-0002,S002
ERP_B,SUP-0003,S004
ERP_B,SUP-0004,S005
ERP_B,SUP-0005,S006
ERP_B,SUP-0006,S007
ERP_B,SUP-0007,S008
ERP_B,SUP-0008,S009
ERP_B,SUP-0009,S012
ERP_B,SUP-0010,S013
ERP_B,SUP-0011,S014
ERP_B,SUP-0012,S018
ERP_B,SUP-0013,S019
ERP_B,SUP-0014,S020
ERP_B,SUP-0015,S021
ERP_B,SUP-0016,S022
ERP_B,SUP-0017,S023
ERP_B,SUP-0018,S025
ERP_B,SUP-0019,S026
ERP_B,SUP-0020,S028
ERP_B,SUP-0021,S029
ERP_B,SUP-0022,S031
ERP_B,SUP-0023,S035
ERP_B,SUP-0024,S036
ERP_B,SUP-0025,S037
ERP_B,SUP-0026,S038
ERP_B,SUP-0027,S039
ERP_B,SUP-0028,S040
ERP_B,SUP-0029,S042
ERP_B,SUP-0030,S045
ERP_B,SUP-0031,S046
ERP_B,SUP-0032,S047
ERP_B,SUP-0033,S049
ERP_B,SUP-0034,S051
ERP_B,SUP-0035,S053
ERP_B,SUP-0036,S056
ERP_B,SUP-0037,S058
ERP_B,SUP-0038,S062
ERP_B,SUP-0039,S063
ERP_B,SUP-0040,S064
ERP_B,SUP-0041,S065
ERP_B,SUP-0042,S066
ERP_B,SUP-0043,S068
ERP_B,SUP-0044,S069
ERP_B,SUP-0045,S070
ERP_B,SUP-0046,S071
ERP_B,SUP-0047,S074
ERP_B,SUP-0048,S075
ERP_B,SUP-0049,S076
ERP_B,SUP-0050,S077
ERP_B,SUP-0051,S078
ERP_B,SUP-0052,S081
ERP_B,SUP-0053,S082
ERP_B,SUP-0054,S083
ERP_B,SUP-0055,S084
ERP_B,SUP-0056,S085
ERP_B,SUP-0057,S086
ERP_B,SUP-0058,S087
ERP_B,SUP-0059,S088
ERP_B,SUP-0060,S089
ERP_B,SUP-0061,S092
ERP_B,SUP-0062,S094
ERP_B,SUP-0063,S095
ERP_B,SUP-0064,S097
ERP_B,SUP-0065,S098
ERP_B,SUP-0066,S100
ERP_B,SUP-0067,S101
ERP_B,SUP-0068,S102
ERP_B,SUP-0069,S105
ERP_B,SUP-0070,S106
ERP_B,SUP-0071,S107
ERP_B,SUP-0072,S109
ERP_B,SUP-0073,S110
ERP_B,SUP-0074,S114
ERP_B,SUP-0075,S118
ERP_A,0000100412,S048
ERP_A,0000100417,S061
ERP_A,0000100418,S052
ERP_A,0000100422,S062
