LIFNR,NAME1,LAND1,ORT01,PSTLZ,STCEG,IBAN,ZTERM,ERDAT
0000100055,Deltaplast GmbH,DE,Munich,80191,DE845298415,DE84377602077642656515,,2021-07-08
0000100254,Ferroform s.r.o.,CZ,Brno,60658,CZ63745360,CZ6740523213482877325536,NT60,2018-11-28
0000100075,Atlaswerk GmbH,DE,Munich,80177,DE467272042,DE46935575918362361078,SK14,2017-08-08
0000100099,Ventoline S.r.l.,IT,Milan,20220,IT82619958225,IT0242821167342075096192396,NT30,2022-10-16
0000100048,Lumenflex SAS,FR,Lyon,69377,FR17409319254,FR6949920707413748477718341,SK14,2017-12-08
0000100206,Aquametal GmbH,DE,Munich,80832,DE911974232,DE77939430186085547106,NT60,2022-02-03
0000100046,Orbiscast s.r.o.,CZ,Brno,60086,CZ88909310,CZ9602516780083740718818,NT60,2016-09-16
0000100351,Polarparts GmbH,DE,Leipzig,04246,DE895744546,DE33807750018674829705,NT30,2019-04-11
0000100186,Alpentronic GmbH,DE,Leipzig,04290,,DE50887633490673490678,NT45,2020-10-23
0000100203,Deltaguss GmbH,DE,Stuttgart,70387,DE143564331,DE23646204207858270842,NT45,2016-06-30
0000100069,Cerrocast s.r.o.,CZ,Brno,60037,CZ14365370,CZ5956563048137343373441,SK14,2018-07-16
0000100169,Velawerk s.r.o.,CZ,Brno,60610,CZ24844260,CZ3550699079801696710699,NT45,2016-12-27
0000100084,Tauroparts S.r.l.,IT,Bologna,40701,IT73750431039,IT7093158279401995305520340,NT30,2018-07-29
0000100271,Velaparts s.r.o.,CZ,Ostrava,70763,CZ40573004,CZ4543147125779542810077,NT30,2022-07-26
0000100388,Silberline S.r.l.,IT,Turin,10779,IT19072637792,IT3717961330693031300706330,SK14,2021-05-21
0000100334,Lumencast GmbH,AT,Vienna,1162,ATU20274395,,,2019-03-14
0000100014,Novawerk GmbH,DE,Leipzig,04842,DE846563212,DE68233079244026859952,SK14,2022-09-24
0000100247,Voltaflex GmbH,DE,Stuttgart,70292,,DE46693646703122562046,NT45,2021-12-02
0000100027,Kraftguss s.r.o.,CZ,Brno,60805,CZ18033401,CZ3687801759898347887838,SK14,2016-11-19
0000100154,Boraseal GmbH,DE,Leipzig,04837,DE585673268,DE09195044660016659413,NT30,2018-12-31
0000100115,Velaguss Sp. z o.o.,PL,Krakow,30256,PL1788002158,PL28108620191327423159425947,NT45,2012-11-07
0000100142,Velacast GmbH,AT,Graz,8065,ATU68778006,AT883943699192200119,NT60,2022-09-22
0000100230,Taurometal Sp. z o.o.,PL,Wroclaw,50700,PL9494809141,PL87806304145210984179827182,NT30,2013-06-06
0000100417,NORDCAST SP. Z O.O.,PL,Wroclaw,50993,PL3857849774,PL44035338869605235857443400,SK14,2022-04-11
0000100136,Cerroline GmbH,DE,Cologne,50140,DE806671723,DE19143015404868443180,SK14,2016-08-14
0000100338,Kappaplast GmbH,DE,Cologne,50577,DE552141871,DE76812967000891626951,NT60,2019-02-12
0000100422,PRIMAFORM S.R.L.,IT,Milan,20183,IT65523994817,IT1142610689176926499167745,NT60,2025-01-31
0000100261,Novaseal GmbH,DE,Leipzig,04249,DE958369832,DE10181846092406123531,SK14,2019-04-01
0000100108,Ventoseal GmbH,DE,Cologne,50123,DE080516978,DE98464936657872009773,NT60,2014-02-28
0000100401,Silbermetal s.r.o.,CZ,Ostrava,70246,CZ54013499,CZ7821916411180151281784,NT60,2014-12-21
0000100168,Kraftseal S.r.l.,IT,Bologna,40900,IT14491923275,,NT60,2020-12-19
0000100386,Voltacast GmbH,DE,Cologne,50360,DE852955410,DE64256071512577155721,NT45,2015-01-20
0000100190,Primaplast S.r.l.,IT,Bologna,40578,IT33312459956,IT1082307515712590548901039,NT60,2016-10-29
0000100311,Novametal Sp. z o.o.,PL,Krakow,30238,PL8818571533,PL48142044103806854050784856,NT60,2019-08-02
0000100216,Alpenwerk GmbH,AT,Vienna,1134,ATU99783715,AT431204177984111628,,2016-04-05
0000100412,Atlasguss  GmbH,DE,Munich,80060,DE113127049,DE91372052148774000009,NT30,2023-02-14
0000100043,Ferroflex GmbH,DE,Cologne,50352,DE561748338,DE82014126906044319829,NT30,2021-10-05
0000100244,Voltawerk GmbH,DE,Stuttgart,70011,DE877960095,DE35235420419153796003,NT60,2017-09-19
0000100367,Ferroparts GmbH,DE,Leipzig,04180,DE9663942,DE79381406426941998493,NT60,2014-03-23
0000100151,Nordguss SAS,FR,Toulouse,31815,FR16616053446,FR6688263728990595827852774,NT45,2014-11-20
0000100153,Atlasplast Sp. z o.o.,PL,Krakow,30496,PL36996393,PL27765416362467709682506710,NT30,2019-11-11
0000100162,Tauroform Sp. z o.o.,PL,Krakow,30213,PL8325674827,,SK14,2014-05-19
0000100071,Cerrowerk Sp. z o.o.,PL,Krakow,30654,,PL10706360607104319554590454,SK14,2017-01-01
0000100299,Ventoplast GmbH,DE,Cologne,50599,DE081369154,DE09321455835865055785,NT60,2015-07-12
0000100011,Novaform GmbH,DE,Stuttgart,70895,DE597971147,DE00104974650752917034,NT45,2021-08-24
0000100377,Nordline GmbH,DE,Leipzig,04896,DE058541792,DE63679735931624318073,NT60,2016-08-15
0000100387,Lumenparts GmbH,DE,Munich,80486,,DE23600170398155987730,SK14,2012-10-13
0000100019,Ferrocast GmbH,DE,Munich,80803,DE280841485,,NT45,2022-11-07
0000100180,Novaline GmbH,DE,Cologne,50977,DE215267674,DE91954409959029496366,NT60,2017-03-21
0000100395,Atlasflex GmbH,AT,Vienna,1110,ATU02602947,AT094244505612727954,NT30,2012-01-17
0000100314,Voltaplast GmbH,DE,Leipzig,04589,DE932185838,DE70253227205656162461,,2016-06-01
0000100234,Nordcast Sp. z o.o.,PL,Wroclaw,50993,PL3857849774,PL44035338869605235857443400,SK14,2019-03-05
0000100026,Krafttec GmbH,DE,Stuttgart,70826,DE304348395,DE14486205798682828807,NT60,2013-01-23
0000100192,Lumenform GmbH,DE,Leipzig,04992,DE053261000,DE04857719611459318627,NT45,2022-09-28
0000100398,Terratronic GmbH,AT,Linz,4003,ATU18210565,AT555181723808368133,NT45,2014-07-30
0000100040,Atlasform s.r.o.,CZ,Ostrava,70684,CZ35326502,CZ4201462016849340722470,NT60,2020-06-13
0000100325,Deltaform Sp. z o.o.,PL,Poznan,60033,PL8048567113,PL65190171397035708692602553,SK14,2021-05-15
0000100177,Atlasguss GmbH,DE,Munich,80060,DE113127049,DE91372052148774000009,NT30,2015-10-24
0000100358,Ventotronic GmbH,AT,Graz,8044,ATU39576145,AT316567413978625024,SK14,2018-09-28
0000100302,Boraline GmbH,DE,Stuttgart,70330,,DE37480503550769520601,NT60,2021-02-05
0000100368,Alpencast Sp. z o.o.,PL,Krakow,30530,PL2748079890,PL66087173455893383498032084,SK14,2018-09-05
0000100263,Atlasparts Sp. z o.o.,PL,Krakow,30368,PL7308428238,PL19430255613422773308725422,NT60,2017-04-07
0000100356,Kraftflex s.r.o.,CZ,Ostrava,70806,CZ94348068,CZ6161675452970852380248,NT60,2013-10-31
0000100127,Rheinplast S.r.l.,IT,Milan,20495,IT03249668502,IT5173900009541858369492359,,2014-01-13
0000100286,Polarcast Sp. z o.o.,PL,Poznan,60515,PL9103453709,PL97710711422846294847005278,NT45,2015-12-27
0000100320,Deltacast GmbH,DE,Leipzig,04282,DE257839585,DE94640830940924845434,NT30,2013-04-24
0000100391,Kappaform GmbH,AT,Vienna,1118,ATU11311544,AT054427995301101938,NT45,2012-12-17
0000100310,Boratronic SAS,FR,Lyon,69101,FR50396663040,FR4046335356447392742441507,SK14,2019-10-10
0000100090,Polarmetal s.r.o.,CZ,Brno,60307,CZ16168281,CZ5926464460495660536630,SK14,2022-01-29
0000100029,Deltametal Sp. z o.o.,PL,Wroclaw,50751,PL6134125242,PL48731672326865635515058770,NT60,2022-11-06
0000100277,Lumenwerk s.r.o.,CZ,Prague,11738,CZ05149431,CZ9820062452821495625535,NT45,2018-06-21
0000100007,Terraparts GmbH,DE,Munich,80518,DE9093786,DE56975432319487574911,NT30,2014-11-03
0000100224,Ventometal GmbH,AT,Graz,8066,ATU60556356,AT009568058253605182,NT30,2020-08-07
0000100030,Nordwerk GmbH,AT,Graz,8011,ATU402426,AT702889751402614014,NT45,2022-02-19
0000100243,Ventoguss GmbH,DE,Cologne,50701,DE165868923,DE17676799581255514821,NT60,2013-04-08
0000100418,Lumenform  GmbH,DE,Leipzig,04992,DE053261000,DE04857719611459318627,NT45,2024-07-26
0000100196,Alpenguss SAS,FR,Lyon,69023,FR95271601755,FR2137152530278272466320494,NT30,2018-01-31
0000100035,Silberguss GmbH,DE,Leipzig,04492,DE831240234,DE49483478245040008838,NT30,2012-10-15
0000100210,Aquatronic GmbH,DE,Cologne,50990,DE878115356,DE77904177808820313922,NT45,2016-02-27
0000100366,Orbisparts GmbH,DE,Leipzig,04008,DE595431819,DE78614221665667552288,NT45,2021-07-12
0000100406,Velaseal s.r.o.,CZ,Brno,60246,CZ33365374,CZ2800165340777117871617,NT30,2013-04-12
0000100060,Primaparts GmbH,DE,Leipzig,04180,DE239042486,DE61111489364390084745,NT30,2021-01-18
0000100292,Velaline S.r.l.,IT,Bologna,40967,IT76398155834,IT1629903257597655059753037,NT60,2019-11-25
0000100120,Aquaplast s.r.o.,CZ,Brno,60550,CZ26245624,CZ4918057889148654659255,NT60,2018-05-25
0000100405,Ferrotronic S.r.l.,IT,Turin,10631,IT55490311294,IT5742027106419930140425582,NT60,2012-03-20
0000100342,Kappawerk GmbH,DE,Leipzig,04424,DE131274881,DE78573298084534683238,NT30,2019-11-27
0000100132,Silberwerk s.r.o.,CZ,Ostrava,70464,,CZ0973200080623201098326,NT30,2019-03-20
0000100346,Voltatec GmbH,DE,Stuttgart,70427,DE831306264,DE80525235964758932680,SK14,2016-02-21
0000100238,Primaform S.r.l.,IT,Milan,20183,IT65523994817,IT1142610689176926499167745,NT60,2021-11-09
